{
  "flights": [
    {
      "id": 1,
      "flightId": "1",
      "flightName": "AirIndia",
      "flightFrom": "Bangalore",
      "flightTo": "Hydrabad",
      "flightDepTime": "10:30 AM",
      "duration": "2 hrs",
      "flightCost": "3000/-",
      "infant": true,
      "wheelchair": true,
      "meal": "NON_VEG",
      "baggage": "5kg"
    },
    {
      "id": 2,
      "flightId": "2",
      "flightName": "IndiGo",
      "flightFrom": "Chennai",
      "flightTo": "Pune",
      "flightDepTime": "2 PM",
      "duration": "4:30 mints",
      "flightCost": "7000/-",
      "infant": true,
      "wheelchair": true,
      "meal": "VEG",
      "baggage": "10kg"
    },
    {
      "id": 3,
      "flightId": "3",
      "flightName": "Vistara",
      "flightFrom": "Bangalore",
      "flightTo": "Dehli",
      "flightDepTime": "11 PM",
      "duration": "2:45 mints",
      "flightCost": "9000/-",
      "infant": false,
      "wheelchair": false,
      "meal": "VEG",
      "baggage": "10kg"
    },
    {
      "id": 4,
      "flightId": "4",
      "flightName": "IndiGo",
      "flightFrom": "Bhubaneswar",
      "flightTo": "Bangalore",
      "flightDepTime": "3:40 PM",
      "duration": "2:30 mints",
      "flightCost": "5000/-",
      "infant": true,
      "wheelchair": true,
      "meal": "NON_VEG",
      "baggage": "5kg"
    }
  ],
  "passenger": [
    {
      "id": 1,
      "pid": "1",
      "flightId": "1",
      "name": "Vikash",
      "dob": "19/6/1996",
      "address": "banglore",
      "passport": "12345678",
      "seatNumber": "15",
      "infant": true,
      "wheelchair": false,
      "meal": "VEG",
      "baggage": "5kg"
    },
    {
      "id": 2,
      "pid": "2",
      "flightId": "2",
      "name": "Moksh",
      "dob": "16/2/1998",
      "address": "karatagi",
      "passport": "8765431",
      "seatNumber": "37",
      "infant": true,
      "wheelchair": true,
      "meal": "NON_VEG",
      "baggage": "5kg"
    },
    {
      "id": 3,
      "pid": "3",
      "flightId": "1",
      "name": "Shivam",
      "dob": "8/12/2000",
      "address": "pannapur",
      "passport": "87563244",
      "seatNumber": 8,
      "infant": true,
      "wheelchair": true,
      "meal": "NON_VEG",
      "baggage": "5kg"
    },
    {
      "id": 5,
      "pid": "5",
      "flightId": "3",
      "name": "Ekta",
      "dob": "01/01/1990",
      "address": "fdsasdh",
      "passport": "875644",
      "seatNumber": " 8",
      "infant": "",
      "wheelchair": "",
      "meal": "",
      "baggage": ""
    },
    {
      "id": 6,
      "pid": "6",
      "flightId": "4",
      "name": "Muskann",
      "dob": "01/01/1990",
      "address": "fdsasdh",
      "passport": "875644",
      "seatNumber": "31",
      "infant": true,
      "wheelchair": true,
      "meal": "NON_VEG",
      "baggage": "5kg"
    },
    {
      "id": 7,
      "pid": "7",
      "flightId": "5",
      "name": "Naaz",
      "dob": "01/01/1990",
      "address": "fdsasdh",
      "passport": "875644",
      "seatNumber": "",
      "infant": "",
      "wheelchair": "",
      "meal": "",
      "baggage": ""
    },
    {
      "id": 8,
      "pid": "8",
      "flightId": "6",
      "name": "Ayush",
      "dob": "19/6/1996",
      "address": "banglore",
      "passport": "12345678",
      "seatNumber": "19",
      "infant": true,
      "wheelchair": true,
      "meal": "",
      "baggage": ""
    },
    {
      "pid": 10,
      "flightId": "4",
      "name": "MonikaVikash",
      "passport": "123456",
      "address": "Giridh",
      "seatNumber": "33",
      "infant": true,
      "wheelchair": true,
      "meal": "NON_VEG",
      "baggage": "5kg",
      "id": 10
    },
    {
      "pid": 11,
      "flightId": "4",
      "name": "pretty kumari ",
      "passport": "123456FHY45",
      "address": "Ranchi ",
      "seatNumber": "",
      "infant": "",
      "wheelchair": "",
      "meal": "",
      "baggage": "",
      "id": 11
    }
  ]
}