{
  "index": "/index.html",
  "dataGroups":[
    {
      "name": "now_playing-movies",
      "urls": ["https://api.themoviedb.org/3/movie/now_playing?api_key=c4f351490cb39722773a30b3347f2e0d&page=1"],
      "cacheConfig": {
        "strategy": "freshness",
        "maxSize": 100,
        "maxAge": "3d",
        "timeout": "30s"
      }
    }
  ],
  "assetGroups": [
    {
      "name": "app",
      "installMode": "prefetch",
      "resources": {
        "files": [
          "/favicon.ico",
          "/index.html",
          "/*.css",
          "/*.js"
        ]
      }
    }, {
      "name": "assets",
      "installMode": "lazy",
      "updateMode": "prefetch",
      "resources": {
        "files": [
          "/assets/**"
        ]
      }
    }
  ]
}
